股票代码,股票名称,收盘价,RPS10,RPS20,RPS50,RPS120,RPS250,总市值_亿,流通市值_亿,扣非EPS同比_pct,CLLV250,CHHV250,近20日均成交额_亿,近一月涨幅_pct,行业,入选日期,is_mainline,match_sw2,match_concept,sw2_name,sw2_rank,matched_concepts
"=""001309""",德明利,881.91,95.6,96.3,95.1,98.8,99.6,2000.6,1455.8,3271.6,12.83,0.90,116.5,39.9,电子制造,260704,1,1,1,半导体,1,存储芯片
"=""002156""",通富微电,64.80,16.3,55.7,90.3,90.1,91.8,983.4,983.3,64.8,3.05,0.82,103.4,-3.1,电子制造,260704,1,1,1,半导体,1,"存储芯片,第三代半导体,先进封装"
"=""002185""",华天科技,19.51,34.4,83.0,95.9,92.4,88.8,648.4,648.3,113.5,2.57,0.82,85.2,11.3,电子制造,260704,1,1,1,半导体,1,"存储芯片,第三代半导体,先进封装"
"=""002409""",雅克科技,199.50,98.8,99.5,99.2,97.3,95.7,949.5,635.5,-3.8,4.28,0.88,63.5,92.8,电子制造,260704,1,1,1,半导体,1,"存储芯片,氟概念,OLED概念,工业气体,光刻机,先进封装"
"=""300077""",国民技术,29.05,97.5,91.2,89.1,83.8,60.9,197.0,164.5,27.0,1.56,0.87,20.1,23.5,电子制造,260704,1,1,0,半导体,1,
"=""300223""",北京君正,259.56,98.8,99.3,97.9,96.3,95.6,1255.4,1094.5,369.6,4.35,0.93,97.2,86.3,电子制造,260704,1,1,1,半导体,1,"存储芯片,OLED概念"
"=""300373""",扬杰科技,129.46,91.7,96.5,96.4,93.7,91.2,703.4,701.9,41.2,3.02,0.88,39.1,41.1,电子制造,260704,1,1,1,半导体,1,第三代半导体
"=""300604""",长川科技,302.71,91.2,97.1,97.2,96.9,98.5,1920.4,1481.7,607.8,6.98,0.83,85.7,46.4,电子制造,260704,1,1,1,半导体,1,存储芯片
"=""300661""",圣邦股份,139.60,70.5,93.9,97.5,94.4,86.1,944.6,839.0,124.4,2.55,0.92,26.9,29.6,电子制造,260704,1,1,1,半导体,1,"存储芯片,OLED概念"
"=""300666""",江丰电子,332.19,97.0,99.4,99.3,99.0,97.8,916.7,734.5,37.1,6.14,0.89,79.8,90.1,电子制造,260704,1,1,1,半导体,1,"存储芯片,OLED概念,光刻机,第三代半导体"
"=""300671""",富满微,94.35,99.3,99.9,97.6,97.9,93.2,208.9,208.3,145.4,3.50,0.92,16.8,119.1,电子制造,260704,1,1,1,半导体,1,"存储芯片,第三代半导体,先进封装"
"=""301297""",富乐德,52.61,93.4,96.2,91.5,87.6,72.9,392.6,192.0,62.2,1.83,0.86,14.5,39.2,电子制造,260704,1,1,1,半导体,1,"OLED概念,光刻机"
"=""301308""",江波龙,618.02,90.3,94.9,95.9,97.4,99.5,2614.6,1741.9,2036.7,10.56,0.92,118.4,32.5,饮料,260704,1,1,1,半导体,1,"存储芯片,先进封装"
"=""301536""",星宸科技,117.50,75.5,97.5,91.9,92.2,84.6,495.5,220.0,425.9,2.26,0.88,13.7,50.0,饮料,260704,1,1,0,半导体,1,
"=""600206""",有研新材,54.30,93.9,99.0,97.7,95.7,89.7,459.7,459.7,4.8,2.86,0.78,59.6,75.9,电子制造,260704,1,1,1,半导体,1,"存储芯片,OLED概念,先进封装"
"=""600460""",士兰微,47.25,80.3,96.1,95.4,88.1,83.0,786.3,786.3,8.8,1.96,0.83,66.6,39.2,电子制造,260704,1,1,1,半导体,1,"OLED概念,第三代半导体,先进封装"
"=""600584""",长电科技,90.88,80.5,93.0,98.3,96.1,92.0,1626.2,1626.2,37.0,3.07,0.82,184.0,27.4,电子制造,260704,1,1,1,半导体,1,"存储芯片,第三代半导体,先进封装"
"=""603061""",金海通,472.73,99.8,99.1,98.1,99.5,99.2,411.3,411.3,233.2,9.10,0.95,12.0,77.4,电子制造,260704,1,1,0,半导体,1,
"=""603986""",兆易创新,677.77,51.2,96.1,98.2,98.1,98.4,4756.2,4530.8,496.6,7.20,0.80,310.7,38.9,电子制造,260704,1,1,1,半导体,1,存储芯片
"=""605358""",立昂微,64.67,78.5,79.4,96.5,92.7,92.2,499.4,499.4,114.4,3.17,0.86,66.3,7.6,电子制造,260704,1,1,1,半导体,1,"存储芯片,第三代半导体"
"=""688008""",澜起科技,266.80,90.3,94.3,97.3,96.2,96.3,3260.8,3058.7,12.5,4.55,0.89,189.8,30.8,电子制造,260704,1,1,1,半导体,1,存储芯片
"=""688012""",中微公司,413.69,97.4,98.9,98.6,96.0,95.7,3941.2,3897.8,59.1,4.36,0.93,112.2,69.4,电子制造,260704,1,1,1,半导体,1,"存储芯片,先进封装"
"=""688041""",海光信息,325.40,72.6,90.9,88.1,86.0,90.9,7563.4,7563.4,35.0,2.91,0.86,132.6,22.6,电子制造,260704,1,1,0,半导体,1,
"=""688048""",长光华芯,410.60,89.6,91.8,95.0,99.3,99.8,723.8,723.8,40.5,16.36,0.81,55.8,24.3,电子制造,260704,1,1,1,半导体,1,第三代半导体
"=""688052""",纳芯微,257.00,9.9,81.5,92.4,87.3,74.1,417.9,366.3,25.4,1.87,0.84,12.1,9.6,电子制造,260704,1,1,1,半导体,1,先进封装
"=""688110""",东芯股份,178.80,90.7,96.5,97.7,90.5,99.9,791.0,791.0,300.7,18.80,0.85,42.5,41.9,电子制造,260704,1,1,1,半导体,1,存储芯片
"=""688146""",中船特气,330.14,45.0,99.4,99.9,99.9,99.7,1747.8,478.6,30.7,13.26,0.79,59.5,89.4,电子制造,260704,1,1,1,半导体,1,"氟概念,工业气体,光刻机"
"=""688200""",华峰测控,464.00,98.8,99.4,99.4,99.0,98.1,930.7,930.7,42.3,6.84,0.90,24.4,89.5,电子制造,260704,1,1,1,半导体,1,第三代半导体
"=""688220""",翱捷科技,111.84,90.8,83.2,85.2,81.7,74.9,467.8,467.8,76.8,1.70,0.86,14.3,11.6,电子制造,260704,1,1,1,半导体,1,存储芯片
"=""688256""",寒武纪,1353.00,22.2,73.9,93.7,86.6,95.4,8500.8,8500.8,235.2,4.80,0.84,190.4,4.1,电子制造,260704,1,1,1,半导体,1,先进封装
"=""688279""",峰岹科技,241.35,95.2,85.1,88.4,74.8,66.8,277.8,225.8,52.0,1.67,0.89,5.3,13.8,电子制造,260704,1,1,0,半导体,1,
"=""688347""",华虹宏力,285.00,69.5,92.2,98.3,97.3,99.3,4952.4,1162.1,718.3,10.09,0.82,69.0,25.6,电子制造,260704,1,1,1,半导体,1,存储芯片
"=""688362""",甬矽电子,90.00,97.3,98.1,98.7,97.7,94.2,407.7,407.7,104.6,3.77,0.88,29.6,56.2,电子制造,260704,1,1,1,半导体,1,先进封装
"=""688368""",晶丰明源,187.99,14.2,72.3,90.1,93.2,91.0,382.8,232.2,325.9,3.05,0.81,8.3,3.1,电子制造,260704,1,1,1,半导体,1,第三代半导体
"=""688380""",中微半导,57.91,93.8,95.1,84.2,92.2,88.1,231.9,231.9,111.9,2.51,0.86,9.3,33.1,电子制造,260704,1,1,1,半导体,1,存储芯片
"=""688385""",复旦微电,68.72,93.6,91.3,71.0,66.0,77.8,566.1,370.7,8.0,1.71,0.77,14.2,23.5,电子制造,260704,1,1,1,半导体,1,"存储芯片,先进封装"
"=""688396""",华润微,83.60,83.3,92.2,93.9,86.7,82.4,1110.4,1110.4,117.1,1.94,0.82,34.2,25.5,电子制造,260704,1,1,1,半导体,1,"存储芯片,第三代半导体,先进封装"
"=""688401""",路维光电,85.47,82.0,87.2,91.2,89.5,89.4,165.3,165.3,42.0,2.65,0.82,9.4,16.3,电子制造,260704,1,1,1,半导体,1,"OLED概念,第三代半导体,先进封装"
"=""688409""",富创精密,244.84,99.4,99.6,99.7,99.4,98.0,749.7,749.7,233.5,6.53,0.86,25.2,100.6,电子制造,260704,1,1,1,半导体,1,光刻机
"=""688432""",有研硅,42.19,99.9,99.8,99.4,98.0,94.9,527.5,527.5,-1.8,3.97,0.86,18.9,114.1,电子制造,260704,1,1,1,半导体,1,存储芯片
"=""688449""",联芸科技,80.33,82.4,85.0,94.7,91.8,86.1,369.5,235.5,117.9,2.25,0.85,11.5,13.5,电子制造,260704,1,1,1,半导体,1,存储芯片
"=""688469""",芯联集成,9.35,76.2,93.0,90.5,82.6,83.2,783.8,548.8,44.5,2.00,0.83,26.6,27.4,电子制造,260704,1,1,1,半导体,1,第三代半导体
"=""688498""",源杰科技,1659.23,10.9,92.3,95.5,98.7,99.8,2065.7,2039.1,1173.7,16.19,0.84,87.0,25.6,电子制造,260704,1,1,0,半导体,1,
"=""688515""",裕太微,215.98,1.4,67.5,94.9,93.0,87.3,172.8,107.6,29.3,2.52,0.79,12.0,0.9,电子制造,260704,1,1,0,半导体,1,
"=""688525""",佰维存储,427.91,80.0,95.9,93.0,98.9,99.0,2017.9,2017.9,1305.3,8.59,0.83,155.9,37.4,饮料,260704,1,1,1,半导体,1,"存储芯片,先进封装"
"=""688535""",华海诚科,160.46,94.0,98.1,97.6,94.4,92.7,229.9,214.3,69.1,3.35,0.80,20.4,55.4,电子制造,260704,1,1,1,半导体,1,"存储芯片,先进封装"
"=""688536""",思瑞浦,332.12,41.0,73.1,92.6,91.3,84.9,458.6,450.5,5043.8,2.40,0.88,17.9,3.6,电子制造,260704,1,1,0,半导体,1,
"=""688593""",新相微,39.07,98.0,91.7,89.6,93.6,90.4,179.5,179.5,-15.2,2.88,0.90,8.1,24.1,电子制造,260704,1,1,0,半导体,1,
"=""688652""",京仪装备,193.49,99.5,98.9,97.5,94.0,95.3,325.1,233.6,34.7,4.33,0.90,14.9,72.4,电子制造,260704,1,1,1,半导体,1,存储芯片
"=""688720""",艾森股份,87.88,78.1,91.6,97.0,93.3,94.1,107.8,68.7,22.4,3.69,0.86,6.6,23.9,电子制造,260704,1,1,1,半导体,1,"存储芯片,OLED概念,光刻机,先进封装"
"=""688766""",普冉股份,815.88,96.3,99.7,99.6,99.9,100.0,1213.2,1213.2,837.2,24.86,0.90,52.0,106.0,电子制造,260704,1,1,1,半导体,1,存储芯片
"=""000636""",风华高科,63.23,83.6,94.4,99.8,99.3,97.8,731.6,731.6,33.3,5.95,0.89,97.7,30.9,电子制造,260704,1,1,0,元件,2,
"=""001389""",广合科技,203.00,80.8,87.5,86.9,95.4,94.4,959.6,309.3,51.1,3.70,0.85,21.5,16.7,电子制造,260704,1,1,0,元件,2,
"=""002384""",东山精密,232.73,6.6,75.6,89.1,96.6,98.2,4262.7,3226.4,148.7,6.59,0.84,191.7,5.1,电子制造,260704,1,1,0,元件,2,
"=""002463""",沪电股份,135.35,23.5,69.1,88.4,90.6,94.1,2604.6,2602.5,55.5,3.60,0.86,128.8,1.6,电子制造,260704,1,1,0,元件,2,
"=""002484""",江海股份,97.96,24.1,80.6,99.0,97.2,96.6,833.2,803.7,12.6,4.87,0.85,51.6,8.8,电子制造,260704,1,1,0,元件,2,
"=""002636""",金安国纪,106.95,25.6,99.2,98.6,99.6,99.5,778.6,774.7,699.9,10.75,0.86,43.6,83.9,电子制造,260704,1,1,0,元件,2,
"=""002916""",深南电路,454.48,57.9,90.5,92.1,91.3,97.0,3095.8,3021.4,31.8,5.06,0.94,59.1,21.8,电子制造,260704,1,1,1,元件,2,"存储芯片,先进封装"
"=""300408""",三环集团,144.89,83.1,91.3,99.0,98.3,97.0,2776.8,2709.2,60.8,5.21,0.89,114.0,23.6,电子制造,260704,1,1,0,元件,2,
"=""300739""",明阳电路,32.67,56.6,89.3,88.7,94.9,91.8,122.0,112.1,35.9,3.10,0.84,7.9,19.5,电子制造,260704,1,1,1,元件,2,先进封装
"=""300814""",中富电路,173.65,10.0,81.9,95.7,96.3,98.4,332.4,332.4,51.2,7.06,0.82,18.3,10.1,电子制造,260704,1,1,1,元件,2,先进封装
"=""300975""",商络电子,42.02,52.7,78.6,98.2,98.1,94.8,288.7,206.8,599.9,3.91,0.78,42.6,7.2,元器件,260704,1,1,1,元件,2,存储芯片
"=""600183""",生益科技,160.78,8.5,87.8,98.6,94.7,97.8,3905.5,3849.9,93.5,5.94,0.84,133.2,17.1,电子制造,260704,1,1,1,元件,2,先进封装
"=""600601""",方正科技,15.12,84.8,90.4,87.9,79.2,92.5,646.2,630.5,217.6,3.22,0.96,38.4,21.7,电子制造,260704,1,1,0,元件,2,
"=""603738""",泰晶科技,53.51,39.7,93.1,94.1,98.4,95.0,206.5,206.5,5086.3,4.05,0.78,28.3,27.8,电子制造,260704,1,1,1,元件,2,光刻机
"=""688183""",生益电子,122.89,17.6,74.2,88.1,86.4,94.7,1029.3,1029.3,122.8,3.94,0.80,38.6,4.3,电子制造,260704,1,1,0,元件,2,
"=""688519""",南亚新材,371.22,90.0,99.0,99.6,99.7,99.8,873.0,873.0,837.8,18.55,0.84,26.6,77.4,电子制造,260704,1,1,1,元件,2,存储芯片
"=""000657""",中钨高新,89.63,3.4,93.2,93.1,97.7,98.9,2042.3,1302.3,312.3,7.86,0.79,93.7,27.9,仪器仪表,260704,1,1,0,小金属,3,
"=""000960""",锡业股份,40.48,10.1,86.7,84.6,88.9,93.1,666.1,666.1,72.6,3.38,0.83,48.1,15.6,仪器仪表,260704,1,1,0,小金属,3,
"=""002167""",东方锆业,25.04,99.3,99.2,96.9,92.3,87.8,194.0,190.0,9.4,2.60,0.93,23.6,83.4,仪器仪表,260704,1,1,0,小金属,3,
"=""600259""",中稀有色,102.26,36.2,90.1,85.9,96.0,90.3,344.0,336.9,283.9,2.99,0.88,22.3,21.0,仪器仪表,260704,1,1,0,小金属,3,
"=""600301""",华锡有色,61.89,7.7,71.8,80.2,87.1,92.7,391.5,170.4,21.9,3.29,0.80,12.8,3.0,仪器仪表,260704,1,1,0,小金属,3,
"=""600392""",盛和资源,28.95,24.1,95.5,82.9,88.1,88.4,507.4,507.4,96.7,2.56,0.85,47.2,35.2,仪器仪表,260704,1,1,0,小金属,3,
"=""600549""",厦门钨业,75.05,1.4,86.2,79.2,89.3,94.0,1191.5,1166.2,198.6,3.61,0.77,82.6,14.9,仪器仪表,260704,1,1,0,小金属,3,
"=""601958""",金钼股份,25.01,2.9,85.2,85.8,90.2,89.4,807.0,807.0,36.0,2.63,0.79,36.8,13.9,仪器仪表,260704,1,1,1,小金属,3,OLED概念
"=""002080""",中材科技,85.09,65.7,95.5,96.1,95.6,97.0,1427.9,1427.9,79.7,5.22,0.83,47.3,35.6,汽车,260704,1,1,0,玻璃玻纤,4,
"=""301526""",国际复材,46.99,94.4,99.9,99.8,99.8,99.7,1771.9,659.9,375.0,13.58,0.90,73.4,123.5,旅游,260704,1,1,0,玻璃玻纤,4,
"=""600176""",中国巨石,70.90,96.2,99.5,98.7,99.1,98.4,2838.2,2815.9,71.4,6.68,0.92,112.8,91.8,旅游,260704,1,1,0,玻璃玻纤,4,
"=""603256""",宏和科技,238.00,15.2,82.3,97.5,99.6,99.9,2152.9,2093.8,387.6,20.17,0.78,40.3,10.4,旅游,260704,1,1,0,玻璃玻纤,4,
"=""002851""",麦格米特,147.62,1.0,83.6,92.6,90.4,93.7,858.6,676.2,-58.9,3.53,0.78,60.4,12.0,新能源,260704,1,1,1,其他电源设备Ⅱ,7,第三代半导体
"=""000100""",TCL科技,5.65,91.6,89.3,88.5,79.1,69.6,1175.2,1081.0,8.9,1.45,0.90,82.0,19.6,电子制造,260704,1,1,1,光学光电子,9,OLED概念
"=""000725""",京东方Ａ,8.38,96.0,95.1,98.4,94.1,87.7,3104.3,2963.8,8.1,2.52,0.88,277.1,33.5,电子制造,260704,1,1,1,光学光电子,9,"OLED概念,先进封装"
"=""300323""",华灿光电,17.95,98.2,87.9,96.9,97.7,93.1,291.3,213.2,127.9,3.60,0.88,24.7,17.2,电子制造,260704,1,1,1,光学光电子,9,第三代半导体
"=""300331""",苏大维格,66.22,44.7,92.8,92.7,96.0,96.0,171.9,147.1,341.2,4.62,0.87,14.5,26.6,电子制造,260704,1,1,1,光学光电子,9,"OLED概念,光刻机"
"=""301183""",东田微,226.24,15.2,76.8,90.0,92.9,99.1,181.2,132.8,38.5,8.54,0.84,16.7,6.0,电子制造,260704,1,1,0,光学光电子,9,
"=""600552""",凯盛科技,25.39,55.4,80.1,93.6,91.4,85.1,239.8,239.8,89.4,2.23,0.75,38.1,8.5,旅游,260704,1,1,1,光学光电子,9,"OLED概念,先进封装"
"=""688127""",蓝特光学,84.30,86.3,84.7,88.0,95.3,94.5,342.2,342.2,206.4,3.90,0.91,10.9,13.1,电子制造,260704,1,1,1,光学光电子,9,光刻机
"=""688322""",奥比中光,147.33,93.0,87.7,95.9,87.7,88.9,605.9,469.5,529.2,2.65,0.96,35.1,16.9,电子制造,260704,1,1,0,光学光电子,9,
"=""300811""",铂科新材,87.40,7.6,44.4,91.0,90.0,90.2,355.4,291.5,20.5,2.93,0.77,25.6,-6.0,电子制造,260704,1,0,1,金属新材料,13,存储芯片
"=""603127""",昭衍新药,40.56,92.7,93.6,80.2,80.8,89.1,303.9,255.7,747.2,2.65,0.95,9.5,28.9,化工,260704,1,0,1,医疗服务,21,CXO概念
"=""603259""",药明康德,124.12,94.0,93.4,85.8,81.8,82.9,3703.4,3069.8,77.7,1.97,0.96,71.1,28.5,酒店餐饮,260704,1,0,1,医疗服务,21,CXO概念
"=""688131""",皓元医药,91.99,83.3,90.9,84.1,78.7,87.0,196.2,196.2,11.9,2.44,0.92,7.2,22.7,酒店餐饮,260704,1,0,1,医疗服务,21,"CXO概念,减肥药"
"=""002407""",多氟多,49.34,93.4,97.3,93.3,84.6,95.7,587.4,532.3,1724.1,4.45,0.86,80.1,48.6,传媒娱乐,260704,1,0,1,化学制品,22,"存储芯片,氟概念,第三代半导体"
"=""600160""",巨化股份,49.35,69.1,91.5,90.3,79.3,81.1,1332.3,1332.3,47.5,1.90,0.85,56.0,23.8,传媒娱乐,260704,1,0,1,化学制品,22,"氟概念,工业气体"
"=""600378""",昊华科技,76.01,85.8,99.2,99.0,96.2,92.6,980.5,815.3,78.8,3.44,0.86,63.0,82.3,传媒娱乐,260704,1,0,1,化学制品,22,"氟概念,工业气体"
"=""603379""",三美股份,75.13,95.8,96.0,89.5,83.7,82.5,458.7,458.7,25.4,1.93,0.90,15.3,38.6,传媒娱乐,260704,1,0,1,化学制品,22,氟概念
"=""605020""",永和股份,44.71,95.4,94.0,95.2,89.2,84.9,228.4,224.9,67.5,2.12,0.88,16.8,29.7,传媒娱乐,260704,1,0,1,化学制品,22,氟概念
"=""002768""",国恩股份,54.60,74.4,90.4,92.6,85.0,91.9,241.8,141.2,124.5,3.12,0.96,6.3,21.8,日用化工,260704,1,0,1,塑料,23,光刻机
"=""300806""",斯迪克,94.91,87.0,92.9,92.5,98.0,98.8,430.2,300.3,469.9,8.03,0.84,27.1,27.0,日用化工,260704,1,0,1,塑料,23,光刻机
"=""601208""",东材科技,63.70,1.7,83.9,95.8,94.9,98.6,643.5,643.5,25.8,7.07,0.79,59.1,12.2,传媒娱乐,260704,1,0,1,塑料,23,"OLED概念,光刻机"
"=""601678""",滨化股份,6.93,95.9,96.8,91.3,89.7,80.3,142.5,141.6,79.9,1.84,0.88,13.0,43.4,传媒娱乐,260704,1,0,1,化学原料,31,氟概念
"=""603938""",三孚股份,64.80,87.7,94.1,98.8,98.8,98.1,247.9,247.9,55.1,6.54,0.79,25.2,30.5,传媒娱乐,260704,1,0,1,化学原料,31,存储芯片
"=""002158""",汉钟精机,35.97,78.9,92.7,91.7,84.5,85.3,192.3,191.9,-1.8,2.18,0.88,6.6,26.2,家电,260704,1,0,1,通用设备,36,第三代半导体
"=""300179""",四方达,54.65,32.4,89.6,98.8,99.4,98.7,265.4,204.4,28.2,7.80,0.83,37.8,20.5,船舶,260704,1,0,1,通用设备,36,第三代半导体
"=""300260""",新莱应材,91.55,89.9,96.6,96.1,87.1,94.6,373.3,263.3,-13.0,3.81,0.85,26.1,42.4,家电,260704,1,0,1,通用设备,36,"OLED概念,光刻机"
"=""300263""",隆华科技,15.32,22.5,93.8,92.8,91.6,87.1,158.6,149.5,20.8,2.41,0.88,20.2,29.4,家电,260704,1,0,1,通用设备,36,OLED概念
"=""300567""",精测电子,263.92,99.1,98.2,99.1,98.1,97.3,738.3,599.2,8.2,5.57,0.89,25.7,56.9,文教休闲,260704,1,0,1,通用设备,36,"存储芯片,OLED概念,先进封装"
"=""600172""",黄河旋风,16.86,87.6,92.2,97.1,98.4,96.6,243.2,215.2,42.6,5.04,0.90,36.1,25.5,船舶,260704,1,0,1,通用设备,36,第三代半导体
"=""688001""",华兴源创,72.58,17.1,74.7,94.2,95.0,91.4,342.3,342.3,96.4,3.02,0.77,9.5,4.6,家电,260704,1,0,1,通用设备,36,"OLED概念,先进封装"
"=""688028""",沃尔德,141.50,90.2,89.7,93.1,96.4,99.1,213.6,213.6,46.7,9.08,0.89,9.9,20.6,家电,260704,1,0,1,通用设备,36,OLED概念
"=""688627""",精智达,578.30,94.0,98.2,98.1,97.2,98.8,544.3,419.1,169.2,8.21,0.89,34.3,56.7,家电,260704,1,0,1,通用设备,36,"存储芯片,OLED概念"
"=""603929""",亚翔集成,235.89,88.9,96.1,87.6,97.6,99.4,503.3,503.3,202.4,10.24,0.83,22.7,38.7,医疗保健,260704,1,0,1,专业工程,42,OLED概念
"=""688503""",聚和材料,115.05,94.6,93.2,81.4,90.6,91.0,278.5,278.5,181.8,2.94,0.85,19.1,27.8,电子制造,260704,1,0,1,光伏设备,43,"OLED概念,光刻机"
"=""002317""",众生药业,27.44,97.0,92.1,91.9,82.7,79.3,233.2,209.0,31.1,1.80,0.95,10.3,25.5,酒店餐饮,260704,1,0,1,酒店餐饮,46,减肥药
"=""300199""",翰宇药业,24.98,96.8,93.9,86.6,86.2,82.7,220.6,186.1,88.9,1.97,0.99,10.2,29.4,酒店餐饮,260704,1,0,1,酒店餐饮,46,"CXO概念,减肥药"
"=""300497""",富祥股份,21.86,81.2,95.9,84.1,84.0,93.2,117.7,98.9,372.2,3.45,0.90,12.4,37.9,酒店餐饮,260704,1,0,1,酒店餐饮,46,"CXO概念,氟概念"
"=""300723""",一品红,41.29,97.2,81.7,82.4,76.9,72.7,186.5,173.1,-117.7,1.61,0.90,5.3,9.9,酒店餐饮,260704,1,0,1,酒店餐饮,46,减肥药
"=""300005""",探路者,23.65,98.9,98.5,94.2,95.3,94.1,209.0,207.3,32.4,3.71,0.92,11.6,59.2,供气供热,260704,1,0,1,服装家纺,47,"OLED概念,外骨骼机器人"
"=""002245""",蔚蓝锂芯,20.34,18.8,62.2,91.3,88.0,87.6,347.3,326.8,32.2,2.49,0.88,26.4,-1.1,新能源,260704,1,0,1,电池,48,第三代半导体
"=""300037""",新宙邦,88.96,54.5,87.9,91.4,89.8,91.5,670.7,486.4,112.3,3.17,0.93,31.6,17.1,传媒娱乐,260704,1,0,1,电池,48,"氟概念,OLED概念,先进封装"
"=""301511""",德福科技,153.10,96.3,98.8,99.8,99.7,99.8,965.0,573.6,2424.3,14.89,0.93,58.0,67.2,电子制造,260704,1,0,1,电池,48,存储芯片
"=""688353""",华盛锂电,113.02,21.2,95.7,71.0,72.4,98.2,180.3,180.3,362.6,7.57,0.88,10.2,36.6,传媒娱乐,260704,1,0,1,电池,48,氟概念
"=""688392""",骄成超声,207.00,97.4,93.5,95.6,95.2,95.7,239.6,239.6,84.8,4.47,0.87,9.7,28.6,家电,260704,1,0,1,电池,48,先进封装
"=""603650""",彤程新材,89.08,98.1,98.7,94.9,92.9,91.2,548.8,547.4,7.6,2.95,0.87,29.2,62.5,传媒娱乐,260704,1,0,1,橡胶,54,"存储芯片,OLED概念,光刻机"
"=""000833""",粤桂股份,23.50,46.1,90.2,69.4,81.3,84.4,188.5,106.6,85.2,2.22,0.83,12.3,21.3,纺织服饰,260704,1,0,1,综合Ⅱ,55,氟概念
"=""300042""",朗科科技,67.35,17.3,61.3,92.1,96.9,91.7,135.0,135.0,744.8,3.21,0.83,19.4,-1.4,饮料,260704,1,0,1,计算机设备,57,存储芯片
"=""300480""",光力科技,41.24,92.7,89.5,93.4,98.2,95.0,152.7,111.4,77.4,4.02,0.89,11.2,20.0,家电,260704,1,0,1,专用设备,65,"存储芯片,第三代半导体,先进封装"
"=""301013""",利和兴,58.09,92.2,98.3,99.8,97.5,97.9,135.8,109.9,158.1,6.21,0.84,30.1,57.5,家电,260704,1,0,1,专用设备,65,"存储芯片,OLED概念,光刻机"
"=""301200""",大族数控,343.00,67.1,91.4,94.8,96.9,99.3,1677.3,1458.6,158.8,9.42,0.87,15.7,23.7,家电,260704,1,0,1,专用设备,65,先进封装
"=""301338""",凯格精机,157.00,45.9,12.6,84.5,97.9,99.0,233.9,170.4,99.7,8.19,0.82,12.7,-14.5,家电,260704,1,0,1,专用设备,65,"第三代半导体,先进封装"
"=""301392""",汇成真空,250.13,96.1,97.4,92.1,90.2,86.6,250.1,102.0,226.7,2.36,0.85,13.4,48.7,家电,260704,1,0,1,专用设备,65,第三代半导体
"=""603800""",洪田股份,76.86,62.4,66.3,93.3,86.5,93.4,159.9,159.9,38.7,3.73,0.83,8.3,0.4,家电,260704,1,0,1,专用设备,65,"光刻机,先进封装"
"=""688630""",芯碁微装,480.32,52.0,92.9,96.6,98.2,98.0,694.4,632.8,104.3,6.23,0.83,28.7,26.7,家电,260704,1,0,1,专用设备,65,"OLED概念,光刻机,先进封装"
"=""600641""",先导基电,47.51,98.6,99.3,97.1,96.3,93.9,449.9,442.1,-348.0,3.55,0.93,31.4,84.9,电子制造,260704,1,0,1,房地产开发,72,"存储芯片,OLED概念,第三代半导体"
"=""301095""",广立微,107.38,87.8,83.6,90.7,89.5,87.0,215.1,185.8,10.8,2.41,0.83,14.7,12.0,电子制造,260704,1,0,1,软件开发,87,"存储芯片,光刻机,第三代半导体"
"=""000021""",深科技,55.91,98.6,98.6,98.1,96.4,94.9,880.2,880.1,14.4,3.96,0.94,89.6,60.8,饮料,260704,1,0,1,饮料,999,"存储芯片,第三代半导体,先进封装"
"=""000988""",华工科技,153.95,10.0,58.2,87.9,91.6,94.4,1548.0,1547.2,20.5,3.87,0.82,124.2,-2.4,家电,260704,1,0,1,家电,999,"存储芯片,第三代半导体,先进封装"
"=""002008""",大族激光,129.64,51.2,68.5,90.4,97.7,97.4,1334.8,1240.3,480.3,5.64,0.77,105.7,1.4,家电,260704,1,0,1,家电,999,"存储芯片,OLED概念,光刻机,第三代半导体,先进封装"
"=""002643""",万润股份,20.25,91.9,95.0,86.2,83.1,82.3,185.5,182.7,9.8,1.93,0.91,7.5,33.0,传媒娱乐,260704,1,0,1,传媒娱乐,999,"OLED概念,光刻机"
"=""002741""",光华科技,33.34,12.1,94.9,96.8,91.0,83.9,155.0,142.1,96.6,2.29,0.83,18.4,32.4,传媒娱乐,260704,1,0,1,传媒娱乐,999,"氟概念,先进封装"
"=""002747""",埃斯顿,44.77,95.8,96.8,98.0,91.2,86.3,433.3,350.3,316.1,2.35,1.00,39.2,44.3,家电,260704,1,0,1,家电,999,外骨骼机器人
"=""003031""",中瓷电子,156.98,2.2,84.6,87.8,93.7,93.5,708.1,534.0,67.0,3.46,0.76,22.6,13.1,电子制造,260704,1,0,1,电子制造,999,"光刻机,第三代半导体"
"=""300054""",鼎龙股份,89.88,51.5,89.2,93.5,93.9,91.5,856.8,668.0,73.4,3.01,0.81,49.9,19.5,传媒娱乐,260704,1,0,1,传媒娱乐,999,"存储芯片,OLED概念,光刻机,第三代半导体,先进封装"
"=""300236""",上海新阳,109.79,64.6,88.2,91.5,92.0,93.4,344.1,305.8,109.5,3.43,0.80,20.1,17.5,电子制造,260704,1,0,1,电子制造,999,"存储芯片,光刻机,先进封装"
"=""300346""",南大光电,80.18,91.6,98.4,97.3,94.6,93.1,554.2,526.0,15.5,3.34,0.81,75.6,57.9,电子制造,260704,1,0,1,电子制造,999,"存储芯片,氟概念,OLED概念,工业气体,光刻机,第三代半导体"
"=""300394""",天孚通信,250.10,8.5,32.6,83.4,94.2,99.3,2728.2,2722.1,5.8,9.38,0.79,163.8,-8.7,饮料,260704,1,0,1,饮料,999,先进封装
"=""300475""",香农芯创,264.25,81.6,99.1,96.8,95.0,99.6,1240.8,1189.2,8537.0,12.06,0.93,100.0,77.5,元器件,260704,1,0,1,元器件,999,存储芯片
"=""300857""",协创数据,300.41,83.7,97.3,87.3,96.6,97.7,1470.1,1462.6,221.6,6.17,0.94,68.2,48.4,饮料,260704,1,0,1,饮料,999,存储芯片
"=""301071""",力量钻石,84.11,17.9,85.3,91.9,92.8,88.8,214.0,157.3,462.6,2.60,0.79,23.6,13.9,船舶,260704,1,0,1,船舶,999,第三代半导体
"=""301099""",雅创电子,87.11,80.1,90.3,93.9,94.1,90.3,127.8,78.2,583.6,2.83,0.91,11.9,21.5,电子制造,260704,1,0,1,电子制造,999,存储芯片
"=""301607""",富特科技,52.00,94.4,95.8,95.0,92.5,85.8,121.7,78.9,214.4,2.45,0.96,7.0,37.1,钢铁,260704,1,0,1,钢铁,999,第三代半导体
"=""600353""",旭光电子,44.53,83.8,99.3,99.6,97.8,95.8,369.1,369.1,6.5,4.53,0.92,24.1,88.1,电子制造,260704,1,0,1,电子制造,999,"光刻机,第三代半导体,先进封装"
"=""601869""",长飞光纤,475.08,18.1,79.3,85.6,98.8,99.7,3933.2,1930.4,876.3,12.92,0.79,76.3,7.6,饮料,260704,1,0,1,饮料,999,第三代半导体
"=""603078""",江化微,56.26,96.7,97.5,99.2,98.0,94.3,217.0,217.0,10.1,3.65,0.95,24.3,49.7,电子制造,260704,1,0,1,电子制造,999,"存储芯片,氟概念,OLED概念,光刻机,第三代半导体,先进封装"
"=""603203""",快克智能,58.70,56.2,87.6,96.6,94.7,94.3,193.7,190.1,28.7,3.71,0.75,13.9,16.8,家电,260704,1,0,1,家电,999,"存储芯片,OLED概念,第三代半导体,先进封装"
"=""603629""",利通电子,166.61,81.4,92.8,98.4,100.0,99.6,437.1,429.9,851.5,12.29,0.90,54.8,26.7,电子制造,260704,1,0,1,电子制造,999,OLED概念
"=""688003""",天准科技,110.90,86.4,89.0,96.1,93.5,90.9,216.0,216.0,106.9,2.99,0.87,11.4,19.0,家电,260704,1,0,1,家电,999,"存储芯片,第三代半导体,先进封装"
"=""688017""",绿的谐波,488.00,97.0,96.8,99.3,97.1,96.2,894.7,894.7,41.5,4.94,0.98,73.2,43.5,家电,260704,1,0,1,家电,999,外骨骼机器人
"=""688035""",德邦科技,88.11,9.1,85.0,93.0,94.1,91.7,125.3,125.3,22.6,3.05,0.82,7.9,13.6,电子制造,260704,1,0,1,电子制造,999,"存储芯片,先进封装"
"=""688545""",兴福电子,112.81,97.0,98.4,99.2,98.8,97.8,406.1,205.6,30.4,5.87,0.90,23.6,58.3,电子制造,260704,1,0,1,电子制造,999,"存储芯片,光刻机,先进封装"
"=""688548""",广钢气体,46.45,99.2,99.9,97.8,98.9,98.2,612.9,321.1,64.1,6.51,0.86,19.0,117.2,传媒娱乐,260704,1,0,1,传媒娱乐,999,"存储芯片,工业气体"
"=""688549""",中巨芯,36.26,93.8,100.0,100.0,99.8,99.0,535.7,213.7,148.4,8.38,0.82,39.0,206.6,电子制造,260704,1,0,1,电子制造,999,"存储芯片,氟概念,先进封装"
"=""688603""",天承科技,163.80,14.4,51.1,96.0,94.1,94.7,204.3,77.7,12.5,4.09,0.79,15.2,-4.2,传媒娱乐,260704,1,0,1,传媒娱乐,999,先进封装
"=""688690""",纳微科技,40.27,28.3,78.7,90.3,89.2,85.0,162.6,162.6,145.9,2.15,0.84,7.2,7.2,传媒娱乐,260704,1,0,1,传媒娱乐,999,减肥药
